{
    "author_id": 1,
    "title": "t",
    "description": "A race in unknown location",
    "start_latitude": 27.480011024489286,
    "start_longitude": -80.42857820879982,
    "end_latitude": 27.48015664757291,
    "end_longitude": -80.42645927005661,
    "checkpoints": []
}